1974;1975;1976;1977;1978;1979;1980;1981;1982;1983;1984;1985;1986;1987;1988;1989;1990;1991;1992;1993;1994;1995;1996;1997;1998;1999;2000;2001;2002;2003;2004;2005;2006;2007;2008;2009;2010;2011;2012;2013;2014;2015
0.02725702;0.02618032;0.02422996;0.0228131;0.02113269;0.01971283;0.01813548;0.01687395;0.0148743;0.01377655;0.01291471;0.01234742;0.01217035;0.01126111;0.01042907;0.01002474;0.00936811;0.00925055;0.00887729;0.00860408;0.00814422;0.00744239;0.00672656;0.00626195;0.0059711;0.00568899;0.00520844;0.00497855;0.00465248;0.00436612;0.00398679;0.00375242;0.00366497;0.00351597;0.00341577;0.00343787;0.00347356;0.00342226;0.0032819;0.00337587;0.00328118;0.00327591
0.00121212;0.00108892;0.00107128;0.00101965;0.00099328;0.00094842;0.0009341;0.00089515;0.000839;0.00077367;0.00068298;0.0006443;0.00056144;0.00060419;0.00056772;0.00050825;0.00046499;0.00049384;0.00051226;0.0004622;0.00044897;0.00045654;0.00044881;0.00039988;0.00034933;0.00030274;0.00029027;0.00029227;0.00029268;0.00026816;0.00026098;0.00024842;0.00026552;0.00024968;0.00024504;0.00023443;0.00023102;0.00024187;0.00023723;0.00026536;0.00023296;0.00021617
0.00086887;0.00078925;0.00076391;0.00073612;0.00071169;0.00068128;0.00066892;0.00063115;0.00060809;0.00057517;0.00052871;0.00050415;0.00043195;0.00044156;0.00042784;0.00039677;0.00036562;0.0003689;0.00036833;0.00037474;0.00036664;0.00036089;0.00034106;0.00032263;0.00029351;0.00026041;0.00022971;0.0002154;0.00021559;0.00020821;0.00020029;0.00018994;0.00019555;0.00018583;0.00018292;0.00017865;0.00017558;0.00017331;0.000168;0.00018041;0.00017594;0.00017203
0.00065224;0.00060197;0.00057065;0.00055321;0.0005286;0.00050399;0.0004974;0.0004671;0.00046302;0.00044284;0.00041987;0.00039899;0.00034627;0.00033891;0.00032888;0.00031701;0.00029317;0.00029035;0.00028004;0.00030601;0.0002956;0.00029273;0.00026791;0.00026277;0.00024499;0.00022094;0.00018302;0.00016679;0.00016797;0.00016873;0.00015837;0.0001512;0.00014929;0.00014242;0.00013854;0.00013568;0.00013484;0.00012882;0.00013267;0.00012593;0.0001329;0.00013499
0.00052448;0.00049223;0.00045777;0.00044464;0.00041989;0.00039634;0.00039435;0.00037176;0.00037761;0.00035847;0.0003462;0.00032482;0.00029286;0.00027852;0.00026402;0.0002623;0.00024249;0.00024297;0.00023065;0.00025639;0.00024146;0.00024569;0.00022122;0.00022021;0.00020686;0.0001879;0.00015085;0.0001388;0.00014052;0.0001432;0.00013127;0.00012617;0.0001203;0.00011519;0.00010951;0.00011148;0.0001076;0.00010198;0.00010551;0.00009487;0.00010309;0.00010643
0.0004824;0.00045329;0.00042192;0.00041365;0.00039074;0.00036425;0.00036012;0.00034067;0.00035155;0.00031961;0.0003074;0.000285;0.00027246;0.00025991;0.00024019;0.00023489;0.00021687;0.00022362;0.00021686;0.0002252;0.00021188;0.00021666;0.00020198;0.00020119;0.00018553;0.00016681;0.00014038;0.00013351;0.00013067;0.00014021;0.00012051;0.00011241;0.00011072;0.00010591;0.00009685;0.0001016;0.00009892;0.00009402;0.00010115;0.00008981;0.0000902;0.00008777
0.00047023;0.00044496;0.00041878;0.00040724;0.00038585;0.00035275;0.00034578;0.00032406;0.00033093;0.00029841;0.0002876;0.00026689;0.00026577;0.00025765;0.00022659;0.00021403;0.00019401;0.00021299;0.00022067;0.00022324;0.00019857;0.00020574;0.00019363;0.00019003;0.00016993;0.00014653;0.0001313;0.00013089;0.00013104;0.00012119;0.00011557;0.00010711;0.0001023;0.00010522;0.00009622;0.00009331;0.00009198;0.0000905;0.00008745;0.00009165;0.00008781;0.00008692
0.00045008;0.00043307;0.0004104;0.00039782;0.00038061;0.00035635;0.00034395;0.00032116;0.00032167;0.00028626;0.00027476;0.00025709;0.00025062;0.00023944;0.0002171;0.00020391;0.00018703;0.00020443;0.0002177;0.00022091;0.000202;0.00019837;0.00018381;0.00017586;0.00016118;0.00013794;0.00012965;0.00012424;0.0001316;0.00011769;0.00011472;0.00009891;0.00009698;0.00010951;0.00009863;0.00009147;0.00008686;0.00008404;0.00007879;0.00009102;0.00008165;0.00008786
0.00041688;0.00041333;0.00039922;0.00038703;0.00036704;0.00034276;0.00033038;0.00030136;0.00029914;0.00027174;0.00026466;0.0002584;0.00024972;0.00024076;0.00021748;0.0001996;0.00018653;0.00019636;0.00021064;0.00021218;0.00020625;0.00019144;0.00017545;0.00016187;0.00016092;0.00013394;0.000124;0.00011563;0.00013189;0.00012193;0.00012026;0.00009932;0.00009453;0.00009884;0.00009669;0.0000921;0.00008275;0.0000846;0.00007415;0.00008761;0.00007947;0.00008232
0.00038729;0.00038181;0.00037342;0.00036562;0.00036109;0.00034021;0.00032971;0.00029884;0.00028506;0.00026718;0.00026227;0.0002589;0.00024926;0.00024097;0.00021474;0.00019399;0.00019122;0.00019792;0.00020492;0.00020055;0.000198;0.00018782;0.00017223;0.000162;0.00016217;0.00013682;0.00011813;0.00011372;0.00013134;0.00012659;0.00011862;0.00010063;0.00009073;0.00009087;0.00008979;0.00009007;0.00008424;0.00008633;0.00007522;0.00008631;0.00007789;0.000085
0.00037114;0.00036348;0.00035786;0.00035929;0.00035663;0.00033359;0.00032389;0.00029233;0.00028045;0.00026388;0.00025885;0.00025885;0.00025003;0.00023817;0.00021295;0.00020048;0.00019321;0.00019329;0.00019262;0.00019635;0.00018893;0.00018387;0.00016408;0.00016079;0.00015588;0.00014583;0.00012639;0.00011925;0.00012922;0.00012341;0.0001121;0.00010484;0.00009127;0.00008931;0.00008799;0.00009396;0.00009116;0.00009468;0.00008217;0.00008476;0.00007359;0.00008026
0.00036619;0.00035077;0.000339;0.00035219;0.00035192;0.00033632;0.00033022;0.00029947;0.00028973;0.00027029;0.00026189;0.00025859;0.0002563;0.00023916;0.000228;0.00021603;0.0002134;0.0002064;0.0001984;0.00020169;0.00019311;0.00018902;0.00017904;0.00018138;0.0001695;0.0001599;0.00014088;0.00012974;0.00012415;0.0001285;0.00011274;0.00011546;0.00009966;0.00009396;0.00009314;0.00011113;0.00010732;0.00010518;0.00009397;0.00009119;0.00007875;0.0000816
0.00039976;0.00038324;0.00036791;0.00037312;0.0003647;0.0003626;0.0003643;0.00033995;0.00032223;0.00029985;0.00028679;0.00027823;0.00027441;0.00025794;0.00024831;0.00023445;0.00023685;0.00023472;0.00023105;0.00023814;0.00022206;0.00021852;0.00021132;0.00021749;0.00020108;0.00018759;0.00017337;0.00015777;0.00014082;0.00014453;0.00012578;0.00013388;0.00012708;0.00011623;0.00010975;0.00012566;0.00012197;0.00011664;0.00010496;0.00010253;0.00009272;0.00009178
0.00047508;0.00045705;0.00043615;0.00042977;0.00040967;0.00043095;0.0004387;0.00043592;0.00040577;0.00036846;0.00034437;0.00032818;0.00032277;0.00029919;0.00029708;0.00028858;0.00030228;0.00030489;0.00030757;0.00030927;0.00029322;0.00028303;0.00027436;0.00027217;0.000256;0.0002468;0.00023043;0.00020928;0.00018577;0.00018066;0.00016422;0.00016658;0.00015588;0.00015493;0.00014863;0.00015909;0.00015002;0.00014408;0.0001274;0.00012382;0.00011577;0.00011629
0.00059049;0.00056696;0.00054303;0.00053585;0.00051075;0.00052051;0.0005516;0.00055278;0.00053031;0.00048895;0.00045385;0.00043825;0.00041823;0.0003926;0.00038506;0.00038317;0.00040703;0.00042128;0.000435;0.0004218;0.00040677;0.00038712;0.00037237;0.00035603;0.00034181;0.00032794;0.00029857;0.00027465;0.0002619;0.00024218;0.00022768;0.00021444;0.00020692;0.00021511;0.00021118;0.00022716;0.00019765;0.00018734;0.00016085;0.00015914;0.00014815;0.00015159
0.00073856;0.00069567;0.00066702;0.00067003;0.00066027;0.00066193;0.00069869;0.00070406;0.00070746;0.00066349;0.00062474;0.00060443;0.0005623;0.00054041;0.00051978;0.00053013;0.0005779;0.00059333;0.00061356;0.00058537;0.00056909;0.00052813;0.00050345;0.00047221;0.00044751;0.00042202;0.00038413;0.00036293;0.0003571;0.00033906;0.00030935;0.00028385;0.00028288;0.00029133;0.00029035;0.00029705;0.00025902;0.00024964;0.00022085;0.00020661;0.00019231;0.00019703
0.00091122;0.00086508;0.0008296;0.00081417;0.00080194;0.00079529;0.00085145;0.00085606;0.00087591;0.0008384;0.00078802;0.00077045;0.00072117;0.00070453;0.00067814;0.00070561;0.00075252;0.00078032;0.00079846;0.00077642;0.00075018;0.00069664;0.00066635;0.00062588;0.00057829;0.00053698;0.00050303;0.00048065;0.00047672;0.00046182;0.00043139;0.00039737;0.00037736;0.00038671;0.00038442;0.00038216;0.00034398;0.00033745;0.00029164;0.00027193;0.00024913;0.00024832
0.00107039;0.00102445;0.00097544;0.00095322;0.00092945;0.00091811;0.00097012;0.00096744;0.00098286;0.00095215;0.00091855;0.00091042;0.00085256;0.00083771;0.00080141;0.00084311;0.00087497;0.00091631;0.00093012;0.00091174;0.0008915;0.00085181;0.00081785;0.00077107;0.00071433;0.00065517;0.00061585;0.0005926;0.00058906;0.00057689;0.0005482;0.00051642;0.00048146;0.00047065;0.00047236;0.0004592;0.00042156;0.00040232;0.00035228;0.00033102;0.00030127;0.0003011
0.00111506;0.00109701;0.00105746;0.00104563;0.00100006;0.00099433;0.00103359;0.00104619;0.00104871;0.00102063;0.00097382;0.00099107;0.00094008;0.00093918;0.00088756;0.0009121;0.00093404;0.00097725;0.00101066;0.00100129;0.00097963;0.00095918;0.0009334;0.00088446;0.00082248;0.0007676;0.00074268;0.00071084;0.00068201;0.00066067;0.0006374;0.00061893;0.00056905;0.00054052;0.00052935;0.00052542;0.00048762;0.00046495;0.00040776;0.00039663;0.00035315;0.00034717
0.00112396;0.00110246;0.00108957;0.00109751;0.00103836;0.00104535;0.00104174;0.00107337;0.00103765;0.00102223;0.00097257;0.0010126;0.00099656;0.00099686;0.0009488;0.00096069;0.00097751;0.00103238;0.00106726;0.00105632;0.0010283;0.00101582;0.00100412;0.000965;0.00090898;0.00087884;0.0008614;0.00081949;0.00074939;0.0007142;0.00070387;0.00069292;0.00063741;0.00058036;0.00056091;0.0005497;0.00052873;0.00050172;0.00045187;0.00044221;0.00039438;0.00038147
0.00111584;0.00107542;0.00108763;0.00111892;0.00106333;0.00105279;0.00104304;0.00105396;0.00102028;0.00100547;0.00098215;0.00100955;0.001007;0.00101203;0.00099564;0.00100477;0.0010183;0.00105738;0.00110664;0.00107728;0.00103779;0.0010259;0.00101609;0.00101022;0.00097185;0.00095971;0.00092917;0.00088143;0.00079321;0.00073374;0.00071967;0.0007214;0.00068865;0.00063534;0.00060792;0.00060154;0.00056466;0.00052339;0.00047364;0.0004627;0.0004232;0.00040745
0.00111237;0.0010614;0.00105397;0.00110385;0.00106388;0.00106406;0.00104048;0.00105023;0.0010282;0.00100813;0.00099205;0.00099886;0.00099983;0.00101127;0.00103764;0.00105682;0.00107769;0.00110409;0.00115822;0.00112298;0.00104464;0.00100486;0.00098919;0.00100289;0.00099478;0.00101006;0.00097921;0.00092849;0.00083294;0.00075458;0.00073383;0.00072716;0.00072329;0.00066581;0.00062924;0.00061064;0.00055571;0.00052333;0.00048592;0.00047034;0.00043456;0.00041925
0.0011245;0.00109034;0.00104519;0.00106526;0.00102798;0.00105417;0.00106051;0.0010601;0.00102766;0.00099316;0.00099174;0.00098834;0.00098774;0.00099034;0.0010445;0.00109465;0.00112031;0.00115014;0.00120965;0.00116857;0.00107346;0.00100821;0.00099648;0.00103094;0.00102481;0.00104407;0.00100503;0.00094412;0.00085893;0.00077936;0.00075067;0.00073602;0.00074191;0.00070093;0.00064901;0.00061415;0.00055901;0.00053686;0.0005012;0.00048362;0.00044784;0.00043198
0.00115913;0.00111419;0.00105506;0.0010434;0.00100645;0.00103107;0.00104992;0.00104307;0.00100827;0.00096812;0.00097784;0.00097415;0.00096222;0.00096533;0.00102298;0.00109474;0.00115028;0.0011838;0.00123798;0.00116381;0.00105377;0.00099175;0.00097914;0.00102909;0.0010414;0.00104165;0.00100143;0.00093727;0.00087665;0.0007888;0.00075397;0.00074673;0.00076084;0.0007236;0.00067311;0.00062831;0.00056751;0.00054426;0.00051594;0.00050206;0.00046735;0.00045208
0.00110468;0.00110616;0.00102864;0.00102217;0.00098345;0.00099892;0.00101782;0.00102117;0.00099699;0.00095795;0.00094448;0.00095023;0.00094282;0.00096255;0.00101446;0.00108432;0.0011558;0.001217;0.00127504;0.00119428;0.00106417;0.00098849;0.0009818;0.00101125;0.00102375;0.00100848;0.00098114;0.00094;0.00090003;0.00080188;0.00075753;0.00074834;0.00075655;0.00072769;0.00066692;0.00064666;0.00057879;0.00056726;0.00053538;0.00053021;0.00048293;0.00046576
0.00105244;0.00106156;0.00102335;0.00100436;0.0009854;0.00099177;0.00099432;0.0009952;0.00097723;0.00095555;0.00092255;0.0009355;0.00093632;0.00097014;0.00100022;0.00108087;0.0011695;0.0012629;0.00132959;0.00123138;0.00109197;0.00099582;0.00099445;0.00100355;0.00099635;0.00096854;0.00095558;0.00092306;0.00088947;0.00081232;0.00077627;0.00077697;0.00077215;0.00073788;0.00066909;0.0006384;0.00058771;0.00057454;0.0005429;0.00053712;0.00048782;0.00047359
0.00096661;0.0009927;0.00100536;0.00100548;0.00098364;0.00098516;0.00098277;0.00096515;0.00095476;0.00094651;0.00092215;0.00092345;0.00092208;0.00096396;0.00101273;0.00109456;0.00120246;0.00128528;0.0013575;0.0012769;0.0011478;0.00105075;0.00102573;0.00101362;0.00099666;0.00094607;0.00093138;0.00091;0.00088356;0.000818;0.00078239;0.00078838;0.00078808;0.00076528;0.00069414;0.00065686;0.00060364;0.00057774;0.00054553;0.00053397;0.00049792;0.00047823
0.00095287;0.0009451;0.0009681;0.00098801;0.00098744;0.00098427;0.00098766;0.00096187;0.00094827;0.00093931;0.00092306;0.00091186;0.00090982;0.00094984;0.00100451;0.00109626;0.00120408;0.00132239;0.00137901;0.00133333;0.00122837;0.00113633;0.00107801;0.00102129;0.00099074;0.00094466;0.00092461;0.00090186;0.00087555;0.00081527;0.00079603;0.00079805;0.00079931;0.00077111;0.00071057;0.00066424;0.0006075;0.00057607;0.00054884;0.00053075;0.00048682;0.0004642
0.00097705;0.00096144;0.00091228;0.000981;0.00098696;0.00101972;0.00101778;0.00100368;0.00095162;0.00093102;0.00091832;0.00092931;0.00092859;0.00094186;0.00098449;0.0010917;0.0012154;0.0013393;0.00141738;0.00139411;0.00133032;0.00126837;0.00119774;0.00111217;0.00102922;0.00096162;0.00093264;0.00089318;0.00086037;0.0008043;0.00078431;0.00078973;0.00079884;0.00077665;0.00073423;0.00068723;0.00062747;0.00057328;0.00054688;0.00053203;0.00049576;0.00046964
0.0010714;0.0010143;0.00093437;0.00095093;0.0009799;0.00103176;0.00104953;0.00103228;0.00097528;0.00093363;0.00091658;0.00092903;0.00094195;0.00094433;0.00098391;0.00108123;0.00122226;0.0013509;0.00145272;0.00144261;0.00140842;0.00136947;0.00130634;0.00120062;0.00108994;0.00101802;0.00097051;0.00091559;0.00084381;0.00077679;0.00076143;0.00077442;0.0007962;0.00077255;0.00075385;0.00071959;0.00067298;0.00060077;0.00056174;0.00053674;0.00051374;0.00049437
0.0011757;0.00111191;0.00100085;0.00096851;0.00096603;0.00100825;0.00105855;0.0010666;0.00101911;0.00097146;0.00094911;0.00093265;0.00094058;0.0009508;0.00099868;0.00109993;0.00121672;0.00136223;0.00148251;0.00150815;0.00150825;0.00148832;0.00143205;0.001308;0.00115953;0.00105601;0.00098256;0.00093155;0.00085564;0.00076953;0.00074879;0.00075008;0.00078002;0.00075596;0.00075013;0.00073615;0.0006908;0.00062809;0.00058212;0.00056399;0.00053017;0.00052428
0.00130578;0.00120462;0.00110875;0.0010199;0.00100393;0.00098324;0.00106397;0.00110819;0.00110394;0.00103278;0.00101117;0.00096974;0.00096504;0.00096868;0.00101393;0.00111633;0.00122661;0.00137089;0.00151776;0.00154977;0.00156477;0.00156114;0.0015202;0.00139098;0.00123951;0.001114;0.00102093;0.0009434;0.00084865;0.00078316;0.00074741;0.00076144;0.00078381;0.00076401;0.00075807;0.00074197;0.00070994;0.00065032;0.00060026;0.00058044;0.00054423;0.00054844
0.00135647;0.00130314;0.00123647;0.00113055;0.00109342;0.0010431;0.00105846;0.00111056;0.00113905;0.00109726;0.00106631;0.0010269;0.00099297;0.00097947;0.0010328;0.00113646;0.00125094;0.0013686;0.0015131;0.00156394;0.00160892;0.00161913;0.00160962;0.00146839;0.00131448;0.00116362;0.00105348;0.00097961;0.00088405;0.00081397;0.00076486;0.00075807;0.00078257;0.00075622;0.00074521;0.00072613;0.0007211;0.00067252;0.00063392;0.00060724;0.0005684;0.00057513
0.00140433;0.00136842;0.00137843;0.00124111;0.00118467;0.00111405;0.00110292;0.00110479;0.00113869;0.00113016;0.00113791;0.00110385;0.00107111;0.00104644;0.00105228;0.00114691;0.00125881;0.00138805;0.00149989;0.00152742;0.00158478;0.00162197;0.00165496;0.00152336;0.0013561;0.00117457;0.00106919;0.00100551;0.00093071;0.00084988;0.00079164;0.00077711;0.00078954;0.00076635;0.00075512;0.00072985;0.00074254;0.00071047;0.0006804;0.00063737;0.00060274;0.00060104
0.00144493;0.00145366;0.00146808;0.00144018;0.00135191;0.00129796;0.00122832;0.00115539;0.00113162;0.00115927;0.00119769;0.00121226;0.00116006;0.00113155;0.00109461;0.00115651;0.00126134;0.00138337;0.00149575;0.001508;0.00155171;0.00161566;0.00168175;0.00157244;0.00138872;0.00118252;0.00109537;0.00105933;0.00099145;0.0008991;0.0008311;0.0008156;0.00082513;0.0007967;0.00078336;0.00076088;0.00075307;0.00072944;0.00071795;0.00068935;0.00066078;0.00064526
0.00150777;0.00151889;0.0015572;0.00156798;0.00153437;0.00147711;0.001378;0.00122734;0.0011846;0.00118143;0.001224;0.0012703;0.00125905;0.00122366;0.00119547;0.00120301;0.00128793;0.00136294;0.00149389;0.001483;0.0015277;0.00158099;0.00166418;0.00158763;0.0014091;0.00123134;0.00112853;0.00109746;0.00102596;0.00093688;0.0008745;0.00085603;0.00087096;0.00084893;0.00082665;0.00080518;0.00079448;0.00075575;0.00074278;0.00071138;0.00070618;0.00068732
0.00161042;0.00159555;0.0016272;0.00168263;0.00166559;0.00165176;0.00154139;0.00136454;0.0013224;0.0012594;0.00125766;0.00130621;0.00134124;0.00134813;0.00130504;0.0012909;0.00132886;0.00136854;0.00148784;0.00149155;0.00153421;0.0015952;0.0016643;0.00160309;0.00143797;0.00126882;0.0011871;0.00114488;0.00107593;0.0010006;0.00093915;0.00092312;0.00091438;0.00089995;0.00087153;0.00084667;0.00081811;0.0007856;0.00077497;0.00076879;0.00076153;0.00073015
0.00179904;0.00172122;0.0016956;0.00175201;0.00177176;0.0017675;0.0017463;0.00156657;0.00152905;0.0013936;0.00137247;0.00134908;0.00140982;0.00145568;0.00144115;0.00139132;0.00142363;0.00143487;0.00152454;0.00151057;0.00155457;0.00161677;0.00165631;0.00159099;0.00146374;0.0013376;0.00127142;0.00120451;0.00111594;0.00106096;0.00102631;0.0010151;0.00098734;0.00096348;0.00093643;0.00090729;0.00085704;0.0008158;0.0008073;0.00080544;0.00080708;0.00077866
0.00200271;0.00191771;0.0018594;0.00183925;0.00187067;0.00187528;0.0019074;0.00181121;0.00174886;0.00160081;0.00154346;0.00150167;0.00148013;0.00151304;0.001542;0.0015272;0.00153579;0.00154574;0.00160606;0.00156736;0.00160513;0.00166771;0.0017042;0.00162193;0.00151283;0.0014018;0.0013533;0.00127158;0.00118761;0.00113144;0.00110499;0.00110053;0.00106553;0.00102414;0.00099353;0.00096003;0.00092334;0.00087688;0.00086731;0.00086949;0.00084594;0.00082809
0.00224891;0.00216507;0.00209976;0.00200418;0.00195971;0.00198791;0.00208373;0.00206175;0.0020268;0.00184038;0.00178233;0.00170948;0.00162451;0.00159372;0.0016221;0.00166453;0.00170313;0.00168596;0.00169788;0.00160216;0.0016317;0.00169249;0.00174344;0.00167598;0.00158811;0.00149388;0.00143366;0.00135883;0.00128193;0.00123115;0.00119798;0.0011846;0.00116569;0.00111383;0.00109041;0.00104952;0.00101351;0.00096356;0.00092841;0.00091824;0.00088732;0.00087968
0.00251253;0.00242912;0.0023814;0.00230297;0.00220698;0.00214573;0.00223961;0.00224537;0.00224827;0.0021511;0.0020876;0.00198544;0.00181533;0.00174024;0.001694;0.00175077;0.00183475;0.00185525;0.00183854;0.00174582;0.00173102;0.00175274;0.0017627;0.00171648;0.00164821;0.00158682;0.00150416;0.00144975;0.00137652;0.00132568;0.00128778;0.00126717;0.00125697;0.00122379;0.00118834;0.00115619;0.00109846;0.00106077;0.00103503;0.00100956;0.00095875;0.00094238
0.00282136;0.00274172;0.00268271;0.00264117;0.00253219;0.00240463;0.00235605;0.00236024;0.00243168;0.00242831;0.00239133;0.00223952;0.00207766;0.00199715;0.00192289;0.00183876;0.00193279;0.00199603;0.00203387;0.00192859;0.00190937;0.00186034;0.00180997;0.00176594;0.00173299;0.00170433;0.00159447;0.00152586;0.00145768;0.0014009;0.00136972;0.00133484;0.00134953;0.00132794;0.00131323;0.00128363;0.00122885;0.00117761;0.00113665;0.00109959;0.00104865;0.00102696
0.00306973;0.00313006;0.00308709;0.00303116;0.00291413;0.0027528;0.00260552;0.00248868;0.00257216;0.00263558;0.00263063;0.002561;0.0023937;0.00233315;0.00218943;0.00203056;0.00198929;0.00208541;0.00219942;0.00216381;0.00211048;0.00204702;0.00194797;0.00188027;0.00183928;0.00183281;0.00173839;0.00167438;0.00157416;0.00150433;0.00146717;0.00143605;0.00144683;0.00141673;0.00140441;0.00139991;0.00135098;0.00129459;0.00123561;0.00120343;0.00116916;0.00112873
0.00334901;0.00342104;0.00349618;0.00343861;0.00329012;0.00316484;0.00299854;0.00279282;0.00274415;0.00280023;0.00286186;0.00282589;0.00277778;0.00268686;0.00250963;0.00227824;0.00216363;0.00215581;0.0022944;0.00234624;0.00234693;0.00224681;0.00213815;0.0020303;0.00195607;0.00195094;0.00187905;0.00181414;0.00170649;0.00161943;0.00159334;0.00155618;0.00157163;0.00153449;0.0015171;0.00151239;0.00148281;0.00141798;0.00134929;0.00131609;0.00129344;0.00126392
0.00374676;0.00378969;0.00386259;0.0038913;0.00371725;0.00356121;0.00342019;0.00323556;0.00307706;0.00300584;0.00302484;0.0030655;0.00307867;0.00303143;0.00286286;0.00263394;0.00244617;0.00235875;0.00237423;0.00247279;0.00255356;0.00251732;0.002394;0.00227488;0.00215027;0.00210128;0.002045;0.00198116;0.00188948;0.00178272;0.00174646;0.00170065;0.00172149;0.00167645;0.00165288;0.00162666;0.0015994;0.00157219;0.0015083;0.00148894;0.00142677;0.00140949
0.00424938;0.00427175;0.00430885;0.00426878;0.00420543;0.00405926;0.00392012;0.00376277;0.00358908;0.00336718;0.003223;0.00324782;0.0033307;0.00330936;0.00324868;0.00303691;0.00285337;0.00266883;0.00257711;0.00256059;0.00264534;0.00271397;0.00265985;0.00253246;0.00242893;0.00233532;0.00224817;0.00215653;0.00207555;0.00198267;0.00192886;0.00186657;0.00188185;0.00184323;0.00183309;0.00177564;0.00172485;0.00168446;0.0016539;0.00163349;0.00155597;0.00155134
0.00478889;0.00473651;0.00479643;0.00471435;0.00464617;0.0045844;0.00445511;0.00425937;0.00411346;0.00387791;0.00363886;0.00350843;0.00353836;0.00358117;0.00358241;0.0035171;0.00331199;0.00311458;0.00294354;0.0027833;0.00273349;0.00287083;0.00286964;0.00282987;0.00271076;0.00262137;0.00247093;0.00235526;0.00225419;0.00219462;0.0021373;0.00207057;0.00204047;0.00199563;0.00198089;0.00191736;0.00185943;0.0018204;0.00182151;0.00182562;0.00173582;0.00172198
0.00537451;0.00528117;0.00530378;0.00525463;0.00513932;0.00508418;0.00504793;0.00483982;0.00467956;0.00447012;0.00422921;0.00397537;0.00379719;0.00383746;0.00392637;0.00388483;0.00380808;0.00361464;0.00350377;0.00318276;0.00305379;0.0029393;0.0030686;0.00306922;0.00303254;0.00292762;0.00279788;0.00262122;0.00253609;0.00241554;0.00237791;0.00229622;0.00225015;0.00218262;0.00217642;0.00211107;0.00205989;0.00200691;0.00199379;0.00199301;0.00192787;0.00191062
0.00587561;0.00595697;0.0059799;0.00582061;0.0057758;0.0056108;0.0056135;0.00543666;0.00521593;0.00509946;0.00485594;0.00455497;0.00428378;0.00410574;0.00417613;0.00423971;0.00417778;0.00411353;0.00393627;0.00368791;0.00349864;0.0031523;0.0032026;0.00336212;0.00333627;0.00324424;0.00309783;0.00295811;0.00273794;0.00264075;0.00259793;0.00255205;0.00246643;0.00241428;0.00235175;0.00233812;0.00229098;0.00225511;0.00221797;0.00219252;0.00213907;0.00212629
0.00631501;0.00659359;0.00667773;0.00649777;0.00645758;0.00634245;0.00613497;0.00596235;0.00582315;0.00565643;0.00545672;0.00524154;0.00485985;0.00452018;0.00439375;0.00452583;0.00455686;0.00447204;0.00434993;0.0041104;0.00409486;0.00351574;0.00343812;0.00352542;0.00363972;0.00349877;0.00338655;0.00324052;0.00297449;0.00290622;0.00284459;0.00275724;0.00271635;0.00267665;0.0026004;0.00257334;0.00251135;0.00252327;0.00245773;0.00240479;0.00235517;0.0023702
0.00702001;0.00725765;0.00744012;0.00732048;0.00719191;0.00706632;0.00684238;0.0064999;0.00641534;0.00643667;0.00600285;0.00589337;0.00549193;0.00514865;0.00478112;0.00474694;0.00484832;0.00477967;0.00464234;0.00457493;0.00464115;0.00410805;0.00387418;0.00382737;0.00383498;0.00386504;0.00367063;0.00358647;0.00325218;0.00329082;0.00312988;0.0030257;0.00301024;0.00299188;0.00285843;0.00285714;0.00277926;0.0027919;0.00273976;0.00267867;0.00258882;0.00262494
0.00782421;0.00809032;0.00819899;0.00804509;0.0079856;0.00779282;0.0075822;0.00716139;0.00701212;0.00714047;0.00672149;0.00649049;0.00612329;0.005952;0.00532389;0.00519913;0.00507294;0.00508124;0.00501538;0.00503911;0.0051046;0.00462428;0.00448056;0.00429127;0.00416467;0.00409295;0.00406238;0.00392756;0.00360311;0.00371286;0.00349899;0.00335566;0.00331589;0.00328238;0.00320778;0.0031646;0.00304417;0.00302748;0.00299863;0.00297151;0.00281995;0.00289605
0.00845162;0.00889698;0.00903928;0.00875411;0.00872787;0.00860131;0.00843888;0.00786549;0.0077182;0.00797997;0.00748022;0.00720219;0.00676209;0.00675078;0.0060332;0.00579931;0.00555141;0.00543882;0.00546983;0.00549174;0.00547844;0.00520864;0.00503331;0.00497014;0.00465364;0.004509;0.00435964;0.00434004;0.00400119;0.00413313;0.00388264;0.00376665;0.00365072;0.00357525;0.00351727;0.00352388;0.00335635;0.00332334;0.00329492;0.00327512;0.00316607;0.00315922
0.00896649;0.00940008;0.00985743;0.00951117;0.00952817;0.00949496;0.00941679;0.00879307;0.00848228;0.00888667;0.00835141;0.00802021;0.00767078;0.00756868;0.00689523;0.00663862;0.00622847;0.00603858;0.00611297;0.00599728;0.0059636;0.00565916;0.00572819;0.00563968;0.00530068;0.00511627;0.00477929;0.0046546;0.00464227;0.00460285;0.00439611;0.00421233;0.00411392;0.00389621;0.00391025;0.00386212;0.00374026;0.00370721;0.0035941;0.00360626;0.00348747;0.0034914
0.00953488;0.00983714;0.01055265;0.01044303;0.01054522;0.01032593;0.01037117;0.00981921;0.00950259;0.00984643;0.00934783;0.00887929;0.00868086;0.00850367;0.00779213;0.0075123;0.00705655;0.00684753;0.00675326;0.00644125;0.00649275;0.00631096;0.00628384;0.00641871;0.00590191;0.00583365;0.00540529;0.00507556;0.00497414;0.0051335;0.00478928;0.00472548;0.00457261;0.00432772;0.00429879;0.00427395;0.00418865;0.00412593;0.00401609;0.003963;0.00381036;0.00378758
0.01047816;0.01080672;0.01108535;0.01122229;0.01161333;0.01141997;0.01126457;0.01090853;0.01076598;0.0108566;0.01029288;0.01005982;0.00970464;0.00934257;0.0089785;0.00844152;0.00807654;0.00790218;0.00754996;0.00713657;0.00703587;0.00695815;0.00672369;0.00697085;0.00675077;0.00644485;0.00611272;0.0056808;0.00542115;0.00548512;0.00533919;0.0051451;0.00509976;0.00484034;0.00484175;0.00472483;0.00460034;0.00452322;0.00447396;0.00441989;0.00418204;0.00424529
0.0123914;0.01210085;0.01192725;0.01190827;0.01231796;0.01254659;0.01253643;0.01194813;0.01201131;0.01203189;0.01141579;0.01122325;0.01086625;0.01032545;0.01008248;0.00945336;0.00916437;0.0088666;0.00840493;0.00807353;0.00782337;0.007705;0.0073857;0.00744396;0.00737132;0.00733822;0.0068105;0.00637873;0.00601878;0.00606521;0.00564045;0.00579438;0.00566163;0.00544722;0.00536251;0.00526661;0.00506032;0.00498414;0.00494766;0.00497408;0.00462739;0.00466969
0.01420274;0.01433564;0.01322824;0.01296038;0.01290773;0.01328402;0.01377447;0.01317961;0.01310247;0.01325242;0.01265806;0.01246714;0.01195334;0.01153793;0.01110026;0.01055952;0.01031421;0.0099495;0.00932008;0.009027;0.00868116;0.00846371;0.00808013;0.00797685;0.00799941;0.00801114;0.00772546;0.00714437;0.00687792;0.00678018;0.00617697;0.00616924;0.00633382;0.00592119;0.00598472;0.0058045;0.00556705;0.0054706;0.00542783;0.00541309;0.00512847;0.00511171
0.01571716;0.01644107;0.01565257;0.01428358;0.01371755;0.01392939;0.01472474;0.01442594;0.01431862;0.01443954;0.0138488;0.01378442;0.01312348;0.01270304;0.01227936;0.0115743;0.01147406;0.01118137;0.0104181;0.01013539;0.00976583;0.00932184;0.00900906;0.00861376;0.00871429;0.0087281;0.00828464;0.00812549;0.00760603;0.00768253;0.00697568;0.00668846;0.00673259;0.00668668;0.00660723;0.00647774;0.00615941;0.00615899;0.00598936;0.00593581;0.00567964;0.00566669
0.01702156;0.01789577;0.01798327;0.01684832;0.01525989;0.01512008;0.01542774;0.01541595;0.01563457;0.01579945;0.01504123;0.01525474;0.01460525;0.01415322;0.01358084;0.01301775;0.01263015;0.01226907;0.01186999;0.01120073;0.0108828;0.01044953;0.01015504;0.00963502;0.00952275;0.00951729;0.0089258;0.0088643;0.00866761;0.00851062;0.00792055;0.00752337;0.00732924;0.00723243;0.00740248;0.00711117;0.00691294;0.00684491;0.00661651;0.00643409;0.00626403;0.0063128
0.01784019;0.01913197;0.01975277;0.01940131;0.01797979;0.01698537;0.01661147;0.01617199;0.01678943;0.01745949;0.01664712;0.01641613;0.01622459;0.01573838;0.01510832;0.01445248;0.01397863;0.01351512;0.01321115;0.01251607;0.01210234;0.01180026;0.01154556;0.01086014;0.01053202;0.01029082;0.00976762;0.00961985;0.00941362;0.0096866;0.00885167;0.00853713;0.00806473;0.0078061;0.00784076;0.00792762;0.00765319;0.00764676;0.00735545;0.00718496;0.0068543;0.00689941
0.01901824;0.02008004;0.02114759;0.02122261;0.0208192;0.02001848;0.01862276;0.01752048;0.01766571;0.01876524;0.01818296;0.01802275;0.01763325;0.0174051;0.01689468;0.01600551;0.01534161;0.0151005;0.0145165;0.01389852;0.01349035;0.01308322;0.01267843;0.01229179;0.01176569;0.01114819;0.01055792;0.01046332;0.01023243;0.01053302;0.01014777;0.0094877;0.00903597;0.00873826;0.00847938;0.00845948;0.00854354;0.00834268;0.00830112;0.00802713;0.00769433;0.00769591
0.02068049;0.0217145;0.02191901;0.0226788;0.02267952;0.02281037;0.02204837;0.01945068;0.01902258;0.01970851;0.01951122;0.01970936;0.01927492;0.01888691;0.01851515;0.01775914;0.0169937;0.01654315;0.01606732;0.01541687;0.01504121;0.01462706;0.0139257;0.01364795;0.01318672;0.01246951;0.01177647;0.0111617;0.01114868;0.01143778;0.01096541;0.01077153;0.0100046;0.00974027;0.00935343;0.00930433;0.00907458;0.00924754;0.00911402;0.00901937;0.00856479;0.00867736
0.0228827;0.02376191;0.0235757;0.02359986;0.02432793;0.02456601;0.02520982;0.02264833;0.02099265;0.02130095;0.02041618;0.02103407;0.021146;0.02055154;0.01988008;0.01958547;0.01869769;0.01830161;0.01756071;0.01711209;0.01651565;0.01610222;0.0155191;0.01516718;0.01477667;0.01399667;0.01317652;0.01228;0.01207689;0.01236815;0.01187874;0.01173546;0.01138178;0.01061584;0.01046987;0.01035851;0.00976687;0.00975753;0.01014674;0.00970789;0.00951237;0.00945899
0.02510072;0.02620695;0.02587241;0.02500553;0.02501539;0.02604011;0.027486;0.02586113;0.02448678;0.0235871;0.02197287;0.02198974;0.02251112;0.02232278;0.02167639;0.0209352;0.02069828;0.02030144;0.01933056;0.01891378;0.01847821;0.01763814;0.01721391;0.01686947;0.01632418;0.01557752;0.01461208;0.01364342;0.01335405;0.01323997;0.01281082;0.01262353;0.01244678;0.01206391;0.01158581;0.01160427;0.01086838;0.01067054;0.01072425;0.01083357;0.01039995;0.01048237
0.02787845;0.02871794;0.02869329;0.02730423;0.0267646;0.02714693;0.02916048;0.02818217;0.02812516;0.02751676;0.02421036;0.02397406;0.02361729;0.02380053;0.0237731;0.0229233;0.02262955;0.0222345;0.021532;0.02097873;0.02041405;0.01976086;0.01898891;0.01851222;0.01832764;0.01729574;0.01624701;0.01533073;0.01486914;0.01445798;0.01373913;0.01370504;0.01352647;0.01328249;0.01323576;0.01267546;0.01225318;0.01180809;0.01162903;0.01142275;0.01164811;0.01147938
0.03020103;0.03165317;0.03113368;0.03012552;0.02924035;0.02952082;0.03020759;0.03004646;0.03069145;0.03161591;0.02849256;0.02651112;0.02568137;0.02486215;0.02542556;0.0249736;0.02497545;0.02404675;0.02374267;0.02318281;0.02252928;0.02191073;0.0213136;0.02030028;0.02030546;0.01923602;0.01803498;0.01706142;0.01665125;0.01606757;0.01509687;0.01463776;0.01470855;0.01436144;0.01434828;0.01429506;0.01350566;0.0133954;0.01282357;0.01250385;0.01222151;0.01273999
0.03320738;0.03458239;0.03419721;0.03311716;0.03259397;0.03216883;0.03261138;0.03122004;0.03272699;0.03476593;0.03274089;0.03100288;0.02832279;0.02692991;0.02653782;0.02657527;0.02726604;0.0263209;0.02570526;0.0254781;0.02490906;0.02405708;0.02349074;0.02249761;0.02227342;0.02139277;0.02017313;0.01896177;0.01856905;0.01811248;0.01705677;0.01609838;0.01577477;0.01559423;0.01552445;0.01553475;0.01515205;0.01474568;0.01442343;0.01390315;0.01326999;0.01354526
0.03564105;0.03821248;0.03729768;0.03693155;0.03584323;0.0356152;0.03556499;0.03348358;0.03408625;0.03689954;0.03594857;0.03546757;0.03321263;0.02994292;0.02855361;0.02783156;0.02882689;0.02865336;0.02808157;0.02733904;0.02721542;0.02663907;0.02591976;0.02486859;0.02484528;0.02339523;0.02231155;0.0211149;0.02043049;0.02014345;0.01922603;0.01797254;0.01717604;0.01667379;0.01695284;0.01686426;0.01650618;0.01661062;0.01591494;0.01568177;0.01457568;0.01473858
0.03952995;0.04119689;0.04146942;0.04051593;0.03994934;0.03837266;0.03907582;0.03652776;0.03679638;0.03794279;0.03816353;0.03874391;0.03792772;0.03489467;0.03171973;0.03004662;0.02979727;0.03067997;0.03054181;0.02994699;0.0293663;0.02922014;0.02865874;0.02784782;0.02754522;0.02597497;0.02439461;0.0234563;0.02282184;0.02233051;0.02132166;0.02050266;0.01893627;0.01829317;0.01834016;0.01847094;0.01789826;0.01805777;0.01799223;0.01723669;0.01636446;0.01597851
0.04320855;0.0455488;0.04550397;0.04453714;0.0435238;0.0426059;0.04262255;0.0407935;0.04007048;0.04086043;0.03957671;0.04124921;0.04108281;0.03997561;0.03723309;0.03365109;0.03241822;0.03233094;0.0323575;0.03265211;0.03224268;0.03170951;0.03125994;0.03063606;0.03064408;0.02884309;0.02705402;0.0257223;0.02552688;0.02509008;0.02341826;0.02303591;0.0214082;0.02050095;0.02001174;0.01974717;0.01975522;0.01957647;0.01953384;0.01968405;0.01800553;0.01794561
0.04752824;0.04937516;0.05089015;0.04804667;0.04775515;0.04677178;0.04718232;0.04461112;0.04442252;0.04474888;0.04247816;0.04280851;0.04391033;0.04358445;0.04250104;0.03981887;0.03660717;0.03473533;0.0339023;0.03483726;0.03534447;0.03480791;0.03380612;0.0337043;0.03408273;0.03215792;0.02972966;0.02848242;0.0282751;0.02781259;0.02615809;0.0255992;0.02399047;0.02326571;0.02244601;0.02167654;0.02121406;0.02121832;0.02137455;0.02149856;0.02068404;0.01990719
0.0507509;0.05393509;0.05478509;0.05343376;0.05153354;0.05203348;0.05181979;0.04957279;0.04826447;0.04981601;0.04627077;0.04608895;0.04607009;0.04630442;0.04661537;0.04571034;0.04351746;0.03891183;0.03699643;0.03658347;0.0376822;0.03815952;0.03725181;0.03636279;0.03715318;0.03557222;0.03306449;0.03127059;0.03157725;0.03072716;0.02897847;0.02856421;0.02666282;0.02607993;0.02528861;0.02438268;0.02354797;0.02285689;0.02341543;0.02326374;0.02256977;0.02294465
0.05555958;0.058486;0.05969543;0.05765841;0.05720998;0.05630918;0.05763179;0.05423166;0.05339571;0.0546299;0.05145625;0.0506684;0.0496482;0.0481744;0.04976178;0.04977801;0.05024799;0.04572604;0.04187128;0.04006941;0.03960047;0.04069628;0.04060065;0.03992643;0.0400793;0.03944499;0.03681425;0.03469999;0.03482406;0.03486348;0.03214963;0.03154748;0.0299247;0.02897433;0.02827963;0.02771526;0.02624742;0.02523466;0.02529168;0.025361;0.02450676;0.02527218
0.06171107;0.06397805;0.06403477;0.06314202;0.06226797;0.06271888;0.06285169;0.05996059;0.05849863;0.06061548;0.05626538;0.05648404;0.05409812;0.05194858;0.05205513;0.05278147;0.05485546;0.05247665;0.04942678;0.04498253;0.04312679;0.04291027;0.04336548;0.04386584;0.04395526;0.04264612;0.0411846;0.03860848;0.03861454;0.03850232;0.03609644;0.03466061;0.03334052;0.03277552;0.03176807;0.03088586;0.02968177;0.02830905;0.028307;0.02723126;0.02686099;0.02796876
0.06951357;0.07101943;0.06990058;0.06838539;0.06818207;0.06763025;0.06969397;0.06476631;0.06504549;0.06623416;0.06228301;0.06181745;0.059533;0.05658801;0.05622551;0.05455937;0.05806283;0.0576129;0.05664231;0.05382403;0.04861401;0.04609071;0.04572165;0.04717651;0.04793858;0.04706733;0.04509798;0.04318099;0.04283083;0.04272415;0.03982153;0.0388992;0.03682347;0.03657547;0.03593785;0.03475071;0.03309507;0.03214797;0.03175383;0.03006249;0.02906404;0.03046329
0.07562253;0.07979965;0.07691154;0.07491037;0.07381027;0.07387333;0.07589916;0.07252955;0.07015176;0.07405106;0.06773047;0.06826053;0.06417813;0.06348032;0.06084125;0.05877438;0.05989633;0.06154178;0.06161206;0.06198056;0.05811976;0.0514704;0.05013559;0.04955833;0.05170578;0.05153047;0.05002063;0.04729603;0.04736851;0.04780559;0.04418367;0.04327043;0.04151838;0.04039006;0.03980733;0.03924632;0.03685699;0.03619255;0.0358748;0.03383992;0.03208681;0.03304088
0.08255313;0.08734698;0.08507375;0.08311223;0.08070545;0.08043575;0.08306126;0.0792989;0.07832373;0.07995941;0.07473058;0.07480866;0.07139791;0.06929007;0.06704043;0.06414514;0.06400756;0.06360614;0.06515508;0.06781763;0.06738178;0.06152844;0.05686136;0.05406019;0.05497005;0.05526593;0.05467359;0.05274112;0.05222165;0.05273631;0.04921725;0.04819753;0.04616374;0.04528655;0.04428045;0.04404697;0.04146184;0.04084043;0.04052055;0.03867492;0.03641764;0.03669775
0.08970083;0.09495349;0.09411432;0.09223856;0.0882681;0.08754664;0.0908242;0.08633892;0.08453043;0.08892052;0.0808214;0.08314414;0.07930994;0.07652794;0.07391177;0.07126096;0.06994806;0.06832565;0.06765756;0.07280238;0.07389543;0.07147522;0.06776008;0.06134246;0.06018494;0.05835367;0.05873713;0.05807318;0.05812059;0.05864197;0.05443999;0.05394944;0.05119114;0.0505266;0.05042126;0.04884766;0.046844;0.04670928;0.04566528;0.04392104;0.04176576;0.04180365
0.09756194;0.10314532;0.10335735;0.10147479;0.09650224;0.09548952;0.09921885;0.09405716;0.09244424;0.09565962;0.09006966;0.09035987;0.08864032;0.08333524;0.08200017;0.07837722;0.0777288;0.0747954;0.07314779;0.07586775;0.07867688;0.07897132;0.07822668;0.07314484;0.06849905;0.06409163;0.06186659;0.06254864;0.06441881;0.06638996;0.06004557;0.05991185;0.05698879;0.05616312;0.05606704;0.05508511;0.05273132;0.05266136;0.05196163;0.04999491;0.04686559;0.04745213
0.10663527;0.11252444;0.11239161;0.11031371;0.10543354;0.10448961;0.1083231;0.10287616;0.10269508;0.10547956;0.09776549;0.10041847;0.09650147;0.09217071;0.09019071;0.08622501;0.08455895;0.08374623;0.07977314;0.08132333;0.08157686;0.08423816;0.08540417;0.08414015;0.08090017;0.07305314;0.06755652;0.06620821;0.07077539;0.07387273;0.06749123;0.066812;0.06371304;0.06285002;0.06289944;0.06105929;0.06055126;0.05858924;0.05898784;0.0570644;0.05279629;0.05411104
0.11746271;0.12373585;0.12084937;0.11829166;0.11513128;0.11481596;0.11825859;0.11326199;0.11273583;0.1169088;0.10747327;0.1083054;0.10780567;0.09936552;0.10056638;0.09434353;0.09387479;0.09257919;0.08895946;0.0883091;0.08669214;0.08722613;0.09106875;0.0921764;0.09260955;0.08806845;0.07609051;0.07229543;0.07551426;0.08118228;0.07447076;0.0755488;0.07164401;0.07117951;0.0705775;0.06880878;0.06807207;0.0660816;0.06623627;0.06421749;0.05972117;0.0610268
0.12803718;0.13472616;0.13167432;0.12894987;0.12557711;0.1252521;0.12892459;0.12357566;0.12211403;0.12761871;0.11838931;0.11759054;0.11636233;0.11138257;0.10880252;0.1040305;0.10290074;0.10285102;0.09706046;0.09752957;0.09498699;0.09295423;0.0940174;0.09832073;0.10210526;0.1011318;0.09100083;0.08169067;0.08174814;0.08673882;0.08192946;0.08458245;0.08162828;0.07981874;0.07942652;0.07824161;0.07637904;0.07419301;0.07530052;0.07103477;0.06781659;0.06963317
0.13943516;0.14655763;0.14333686;0.14043902;0.13684461;0.13651108;0.14042321;0.1347044;0.13542133;0.13625742;0.12844707;0.12999192;0.12685307;0.11955357;0.12071844;0.1125324;0.1148189;0.11222958;0.107378;0.10686851;0.1060305;0.10208156;0.10044539;0.1017889;0.10901259;0.11106909;0.10640681;0.09739345;0.09205308;0.09378546;0.08837976;0.09273852;0.0911913;0.09078323;0.08913121;0.0887117;0.08550675;0.08332773;0.08424947;0.0799611;0.07635102;0.07899523
0.15169588;0.15926862;0.15587625;0.1527988;0.1489739;0.14863327;0.15279436;0.14668845;0.14638305;0.1521419;0.13778641;0.14157284;0.13842234;0.12961856;0.13141798;0.12457491;0.12534605;0.1231503;0.11777297;0.11952118;0.11581413;0.11313755;0.10940311;0.10970642;0.11403512;0.11910989;0.11892237;0.11234498;0.10883692;0.10526998;0.09531565;0.09954967;0.10036822;0.10205093;0.10171789;0.09948665;0.09631158;0.09350215;0.09507048;0.08921394;0.08637513;0.08857115
0.16485346;0.17289196;0.16932646;0.16606379;0.16200018;0.1616542;0.16607282;0.15956324;0.15560077;0.16445743;0.15171602;0.15053846;0.149875;0.14232357;0.14158782;0.13554662;0.13874516;0.1339157;0.1304923;0.13095506;0.12919405;0.12418847;0.12188824;0.11999321;0.12294562;0.12410284;0.12868157;0.12362752;0.12411482;0.1253186;0.10662;0.10718733;0.10703527;0.11146935;0.1129496;0.11234685;0.10607732;0.10478744;0.10656763;0.10116334;0.09568338;0.10008579
0.17894348;0.18746185;0.18372287;0.18026998;0.17596014;0.1756109;0.18029484;0.17336575;0.16507119;0.17686951;0.16563998;0.1665728;0.1591979;0.15495308;0.15455256;0.14901927;0.1502185;0.14831322;0.14155306;0.14287924;0.14126202;0.13780984;0.13344157;0.13214098;0.1331746;0.13213393;0.13428473;0.13374972;0.1373278;0.14403259;0.12609342;0.11958574;0.1166914;0.11804452;0.12376004;0.12407056;0.12049714;0.11606425;0.1197043;0.1149011;0.10753253;0.11271057
0.19399147;0.20300183;0.19909051;0.19544334;0.19088073;0.19053067;0.19548661;0.18812335;0.18025902;0.19030896;0.17521351;0.18201788;0.17486536;0.16766579;0.16591691;0.16137319;0.16192677;0.16115955;0.15446374;0.15386603;0.15257385;0.15177706;0.14948499;0.14513456;0.14738227;0.14337738;0.14244881;0.13948551;0.14850839;0.16052919;0.1444461;0.14343931;0.12972485;0.12908867;0.13186506;0.13489399;0.13407749;0.13139094;0.13236649;0.12862723;0.12130085;0.12690829
0.21001956;0.21953176;0.21545088;0.21160633;0.20678556;0.20643753;0.21167085;0.20386021;0.19753433;0.20453157;0.1848993;0.1983716;0.1928223;0.18110714;0.17796855;0.17436886;0.17440578;0.17437925;0.16732945;0.17038358;0.16411366;0.1655977;0.163806;0.16131076;0.16130651;0.15737796;0.15051926;0.15021772;0.15483603;0.17281343;0.16143037;0.16556152;0.15186791;0.14558867;0.14375993;0.14406273;0.14589852;0.14723761;0.14818116;0.14194027;0.13711809;0.14345846
0.22703904;0.2370601;0.23281431;0.22877057;0.22368766;0.22334495;0.22885943;0.22059005;0.2153902;0.22051153;0.1978421;0.21523698;0.21097427;0.1960175;0.19211605;0.18882505;0.18868343;0.18880954;0.1816283;0.18341415;0.18337411;0.17719382;0.17734655;0.17775118;0.17869802;0.17142745;0.16527407;0.16383277;0.16573878;0.17986222;0.17501717;0.18355385;0.17373479;0.17056314;0.16131403;0.15507037;0.15480263;0.15913907;0.16445843;0.1593972;0.15203888;0.1612612
0.24505572;0.25558953;0.25118549;0.2469421;0.24159467;0.24126099;0.24705864;0.2383213;0.23253692;0.23885543;0.21606754;0.2324704;0.22763781;0.21291153;0.20922928;0.20533787;0.20539576;0.20519032;0.19578008;0.20114788;0.19884185;0.19461732;0.18969028;0.19366954;0.19702658;0.18956498;0.18096001;0.18048957;0.17689814;0.19111099;0.18302594;0.19852556;0.19233544;0.19780907;0.19074686;0.1736794;0.16948149;0.16634709;0.17744017;0.1771895;0.16977729;0.17753626
0.26406387;0.2751107;0.27055732;0.26611537;0.26050286;0.2601824;0.26626319;0.25705121;0.24768628;0.26016745;0.24160537;0.24992922;0.2411336;0.23231137;0.23018653;0.22451369;0.22518881;0.22427199;0.21285043;0.21773964;0.2205719;0.20975202;0.20918588;0.21023675;0.21375372;0.20662078;0.20202123;0.19474595;0.19407731;0.20416729;0.19222199;0.20361237;0.20834536;0.21911776;0.21922048;0.20832697;0.18889554;0.17904379;0.18475389;0.19002526;0.18790948;0.19813374
0.28404421;0.29560021;0.29090878;0.28627116;0.28039513;0.28009253;0.28645409;0.27676378;0.26705367;0.28015395;0.26072741;0.26942516;0.26022055;0.2509992;0.24878408;0.24282369;0.24352818;0.24257729;0.23220447;0.23435253;0.23481869;0.2275018;0.22424999;0.22787602;0.23152575;0.22436724;0.22068593;0.21227414;0.21267323;0.22041578;0.20313894;0.21523524;0.21788321;0.23328391;0.2439167;0.23656826;0.22134794;0.20000008;0.19512806;0.19837905;0.20230859;0.21884329
0.30496674;0.31702359;0.31220795;0.30737945;0.30124374;0.30096413;0.30760154;0.29743251;0.28739866;0.30111344;0.28083833;0.28990042;0.28029479;0.27068475;0.26838291;0.26213732;0.26287011;0.26188754;0.25294288;0.25144595;0.24797174;0.246833;0.23966025;0.24635129;0.2494983;0.24282858;0.23938923;0.23112402;0.23619204;0.23822008;0.21462298;0.23039418;0.22986407;0.2379915;0.26048271;0.26193244;0.25379109;0.23682951;0.2155326;0.21532588;0.21093277;0.23506625
0.32678629;0.33933076;0.33440742;0.32939489;0.32300586;0.32275484;0.32966042;0.31901598;0.30868516;0.32300432;0.30190541;0.31131808;0.3013237;0.29133996;0.28895615;0.28243043;0.28319007;0.28217878;0.27389056;0.27014558;0.26393275;0.26707655;0.25723496;0.26577638;0.26843848;0.26210095;0.25835715;0.25059097;0.24947669;0.26340141;0.23108895;0.2530826;0.24170708;0.24731501;0.26977769;0.28141052;0.27720578;0.26804545;0.25207739;0.23457033;0.22227413;0.24588841
0.35119141;0.36427015;0.35923327;0.35401984;0.34735333;0.34713586;0.3543348;0.3431667;0.33251823;0.34750033;0.32550234;0.33529614;0.32487796;0.31448869;0.31201662;0.30518474;0.30597329;0.30493169;0.29533035;0.29233981;0.28676818;0.28865574;0.27924527;0.28733541;0.29018697;0.28340777;0.27920366;0.27115084;0.26890575;0.28955874;0.25425949;0.2753189;0.25337999;0.26076196;0.28466814;0.28731933;0.29676617;0.28806064;0.29021265;0.274201;0.24508012;0.2649619
0.37659422;0.39018777;0.38505868;0.37965407;0.37271962;0.37254258;0.38002356;0.36833888;0.35740851;0.37303694;0.35017654;0.36033172;0.34950784;0.33873472;0.33618105;0.32905149;0.32986691;0.328799;0.31625785;0.31861692;0.31924182;0.3107342;0.30672138;0.31095022;0.31530087;0.30673063;0.30232236;0.29210812;0.27720851;0.31097643;0.27657364;0.29570251;0.27567191;0.28356158;0.29849037;0.29849994;0.30484611;0.3002581;0.31408298;0.31233647;0.27941505;0.28897935
0.4029176;0.41700046;0.41180356;0.40622003;0.39903029;0.39890105;0.40664932;0.39445984;0.38328967;0.39954092;0.37586578;0.3863574;0.37515126;0.36402165;0.3613945;0.35397918;0.35481893;0.35372946;0.34064707;0.34303567;0.34370607;0.33493518;0.33072545;0.33508855;0.33960751;0.33069469;0.32611054;0.31544665;0.28668699;0.31997291;0.28744075;0.31217971;0.29028926;0.30323731;0.31106714;0.31128631;0.31868443;0.31008595;0.32962802;0.33477155;0.31038351;0.32282399
0.43006613;0.44460653;0.43936929;0.43362172;0.42619258;0.42611895;0.43411621;0.42143874;0.41007734;0.4269206;0.40248987;0.41328761;0.4017282;0.39027537;0.38758439;0.37989886;0.38075994;0.37965436;0.36605337;0.36845644;0.36917396;0.36017113;0.35576858;0.3602506;0.36492686;0.3556917;0.35094238;0.33984794;0.2981705;0.32588428;0.29677969;0.32771634;0.30649986;0.32512943;0.32549395;0.32809663;0.33486414;0.31997165;0.34019586;0.35149526;0.33681797;0.36093263
0.45792794;0.47288772;0.46764058;0.46174651;0.45409718;0.45408737;0.46231166;0.4491682;0.43767056;0.45506754;0.42995205;0.44102017;0.4291421;0.4174053;0.41466169;0.40672529;0.40760415;0.40648867;0.39239826;0.39479889;0.39556496;0.38636691;0.38177762;0.38636053;0.39118057;0.38164812;0.37674692;0.36524666;0.31668449;0.33965536;0.31251589;0.34726585;0.32728346;0.34930594;0.34588944;0.35078391;0.35652199;0.33716611;0.3555706;0.36982616;0.3619913;0.39454804
1;1;1;1;1;1;1;1;1;1;1;1;1;1;1;1;1;1;1;1;1;1;1;1;1;1;1;1;1;1;1;1;1;1;1;1;1;1;1;1;1;1
